{
  "loss_types": [
    "Base Model",
    "L1",
    "L2",
    "Huber",
    "Smooth L1"
  ],
  "accuracies": [
    1.2378247306597505,
    36.42451441846788,
    33.50243632766334,
    25.36526099694046,
    7.041396412321112
  ],
  "l1_losses": [
    0.4140310669722434,
    0.390819964349376,
    0.39473994143111796,
    0.39248312961548243,
    0.41967787114845945
  ],
  "val_losses": [
    6.167335542765531,
    5.268086785619909,
    6.474549358541315,
    4.680289301005277,
    4.69161089441993
  ]
}