{
  "loss_types": [
    "L1",
    "L2",
    "HUBER",
    "SMOOTH_L1"
  ],
  "accuracy_improvement": [
    35.18668968780813,
    32.26461159700359,
    24.127436266280707,
    5.803571681661361
  ],
  "l1_improvement": [
    0.023211102622867408,
    0.019291125541125442,
    0.02154793735676097,
    -0.005646804176216047
  ]
}