{
  "dimensions": [
    0,
    1,
    2,
    3,
    4,
    5,
    6,
    7,
    8,
    9,
    10,
    11,
    12,
    13
  ],
  "mean_errors": [
    0.21892780233480671,
    0.4811288677320639,
    0.48094752351807774,
    0.4705428992406211,
    0.011787373909101192,
    0.4082284937096226,
    0.7057010087271903,
    0.19653179190751446,
    0.4482375609203219,
    0.4480562167063357,
    0.4582341607163096,
    0.012807435112773423,
    0.3653179190751445,
    0.7411084665079906
  ],
  "std_errors": [
    0.27691740587826214,
    0.487650572674817,
    0.4828412342619591,
    0.46587766445971407,
    0.017346654705332955,
    0.4111073837272435,
    0.41562635282846594,
    0.26648220644847903,
    0.4819288229909047,
    0.4801374264672012,
    0.49886707903499966,
    0.02560071384212713,
    0.4061715176245222,
    0.41426484157351207
  ]
}